title;start;slurmConfig;cm_nash_autoconverge;path_gdx;path_gdx_ref;path_gdx_bau;path_gdx_refpolicycost;cm_iterative_target_adj;cm_budgetCO2from2020;cm_addbudgetCO2from2020to2100;cm_taxCO2_regiDiff;cm_frac_NetNegEmi;cm_NetNegEmi_calculation;cm_CDRstartYearTax;cm_CDREndYearTax;cm_minimumCDRtaxAfterPeak;cm_postPeakCpAdj;cm_CDRpriceShape;cm_CDRtypesSeparate;cm_CDRtypesInTarget;CES_parameters;regionmapping;extramappings_historic;cm_rcp_scen;subsidizeLearning;cm_prtpScen;capitalMarket;cm_budgetCO2_absDevTol;carbonprice;cm_taxCO2_functionalForm;cm_taxCO2_startyear;cm_peakBudgYr;cm_taxCO2_regiDiff_convergence;cm_emiscen;c_regi_earlyreti_rate;c_tech_earlyreti_rate;cm_fetaxscen;cm_bioenergy_SustTax;cm_33EW;cm_33OAE;cm_33_OAE_limit_EEZ;c_ccsinjecratescen;c_ccscapratescen;cm_CESMkup_build;cm_wasteIncinerationCCSshare;techpol;regipol;cm_implicitQttyTarget;cm_emiMktTarget;cm_NucRegiPol;cm_CoalRegiPol;cm_altFeEmiFac;cm_GDPpopScen;cm_demScen;cm_oil_scen;cm_gas_scen;cm_coal_scen;c_techAssumptScen;cm_nucscen;cm_so2tax_scen;cm_multigasscen;cm_LU_emi_scen;cm_tradecostBio;cm_maxProdBiolc;cm_1stgen_phaseout;c_SSP_forcing_adjust;cm_APscen;cm_CESMkup_ind;cm_EDGEtr_scen;c_changeProdCost;cm_startyear;description
# H12 SSP2;;;;;;;;;;;;;;;;;;;;;;;;;;;;;;;;;;;;;;;;;;;;;;;;;;;;;;;;;;;;;;;;;;;;;;;;
SSP2-NPi2025;0;;;;;;;0;;;;;;;;;;;;;;;;;;;;;;;;;;;;;;;;;;;;;;;;;;;;;;;;;;;;;;;;;;;;;;;2005;SSP2-NPi2025: This National Policies Implemented (NPi) scenario follows the Shared Socioeconomic Pathways 2 called Middle of the Road. The NPi assumes that policies fail to achieve NDC targets in 2030. Instead, carbon prices are assumed to grow and converge more slowly, leading to emissions trajectories in line with bottom-up studies on the effect of currently implemented policies.
PB650-rg-def;0;1;;;SSP2-NPi2025;;SSP2-NPi2025;9;650;;1;;;;;;;;;;;;;rcp20;globallyOptimal;;;;functionalForm;;100;2055;;;;;;;;;;;;;2050.GLO 0.9;NDC;;2030.EUR_regi.tax.t.FE_wo_b_wo_n_e.all 1.2809;;;;;;;;;;;;;2;;;;;;;Elec_Push;Mix4ICEban;1;2030;SSP2-PkBudg650: This climate policy scenario follows the Shared Socioeconomic Pathways 2 called Middle of the Road. The stylized climate policy scenario assumes a peak budget of 650 Gt CO2 on total CO2 emissions from 2015 to 2100. This is a 1.5C scenario, peak warming is allowed to be at or slightly above 1.5C at median climate sensitivity but returns to values below 1.5C in at least 67 % of scenarios by the end of the century.
PB650-rg-noNNT;0;1;;;SSP2-NPi2025;;SSP2-NPi2025;9;650;;1;0;;;;;;;;;;;;rcp20;globallyOptimal;;;;functionalForm;;100;2055;;;;;;;;;;;;;2050.GLO 0.9;NDC;;2030.EUR_regi.tax.t.FE_wo_b_wo_n_e.all 1.2809;;;;;;;;;;;;;2;;;;;;;Elec_Push;Mix4ICEban;1;2030;SSP2-PkBudg650: This climate policy scenario follows the Shared Socioeconomic Pathways 2 called Middle of the Road. The stylized climate policy scenario assumes a peak budget of 650 Gt CO2 on total CO2 emissions from 2015 to 2100. This is a 1.5C scenario, peak warming is allowed to be at or slightly above 1.5C at median climate sensitivity but returns to values below 1.5C in at least 67 % of scenarios by the end of the century.
PB650-gloU;0;1;;;SSP2-NPi2025;;SSP2-NPi2025;9;650;;0;;;;;;;;;;;;;rcp20;globallyOptimal;;;;functionalForm;;100;2055;;;;;;;;;;;;;2050.GLO 0.9;NDC;;2030.EUR_regi.tax.t.FE_wo_b_wo_n_e.all 1.2809;;;;;;;;;;;;;2;;;;;;;Elec_Push;Mix4ICEban;1;2030;SSP2-PkBudg650: This climate policy scenario follows the Shared Socioeconomic Pathways 2 called Middle of the Road. The stylized climate policy scenario assumes a peak budget of 650 Gt CO2 on total CO2 emissions from 2015 to 2100. This is a 1.5C scenario, peak warming is allowed to be at or slightly above 1.5C at median climate sensitivity but returns to values below 1.5C in at least 67 % of scenarios by the end of the century.
PB650-gloU-noNNT;0;1;;;SSP2-NPi2025;;SSP2-NPi2025;9;650;;0;0;;;;;;;;;;;;rcp20;globallyOptimal;;;;functionalForm;;100;2055;;;;;;;;;;;;;2050.GLO 0.9;NDC;;2030.EUR_regi.tax.t.FE_wo_b_wo_n_e.all 1.2809;;;;;;;;;;;;;2;;;;;;;Elec_Push;Mix4ICEban;1;2030;SSP2-PkBudg650: This climate policy scenario follows the Shared Socioeconomic Pathways 2 called Middle of the Road. The stylized climate policy scenario assumes a peak budget of 650 Gt CO2 on total CO2 emissions from 2015 to 2100. This is a 1.5C scenario, peak warming is allowed to be at or slightly above 1.5C at median climate sensitivity but returns to values below 1.5C in at least 67 % of scenarios by the end of the century.
PB750-rg-def;0;1;;;SSP2-NPi2025;;SSP2-NPi2025;9;750;;1;;;;;;;;;;;;;rcp20;globallyOptimal;;;;functionalForm;;100;2055;;;;;;;;;;;;;2050.GLO 0.9;NDC;;2030.EUR_regi.tax.t.FE_wo_b_wo_n_e.all 1.2809;;;;;;;;;;;;;2;;;;;;;Elec_Push;Mix4ICEban;1;2030;SSP2-PkBudg650: This climate policy scenario follows the Shared Socioeconomic Pathways 2 called Middle of the Road. The stylized climate policy scenario assumes a peak budget of 650 Gt CO2 on total CO2 emissions from 2015 to 2100. This is a 1.5C scenario, peak warming is allowed to be at or slightly above 1.5C at median climate sensitivity but returns to values below 1.5C in at least 67 % of scenarios by the end of the century.
PB750-rg-noNNT;0;1;3;PB650-rg-noNNT;SSP2-NPi2025;;SSP2-NPi2025;9;750;;1;0;;;;;;;;;;;;rcp20;globallyOptimal;;;;functionalForm;;100;2055;;;;;;;;;;;;;2050.GLO 0.9;NDC;;2030.EUR_regi.tax.t.FE_wo_b_wo_n_e.all 1.2809;;;;;;;;;;;;;2;;;;;;;Elec_Push;Mix4ICEban;1;2030;SSP2-PkBudg650: This climate policy scenario follows the Shared Socioeconomic Pathways 2 called Middle of the Road. The stylized climate policy scenario assumes a peak budget of 650 Gt CO2 on total CO2 emissions from 2015 to 2100. This is a 1.5C scenario, peak warming is allowed to be at or slightly above 1.5C at median climate sensitivity but returns to values below 1.5C in at least 67 % of scenarios by the end of the century.
PB750-gu-def;0;1;;PB650-gloU;SSP2-NPi2025;;SSP2-NPi2025;9;750;;0;;;;;;;;;;;;;rcp20;globallyOptimal;;;;functionalForm;;100;2055;;;;;;;;;;;;;2050.GLO 0.9;NDC;;2030.EUR_regi.tax.t.FE_wo_b_wo_n_e.all 1.2809;;;;;;;;;;;;;2;;;;;;;Elec_Push;Mix4ICEban;1;2030;SSP2-PkBudg650: This climate policy scenario follows the Shared Socioeconomic Pathways 2 called Middle of the Road. The stylized climate policy scenario assumes a peak budget of 650 Gt CO2 on total CO2 emissions from 2015 to 2100. This is a 1.5C scenario, peak warming is allowed to be at or slightly above 1.5C at median climate sensitivity but returns to values below 1.5C in at least 67 % of scenarios by the end of the century.
PB750-gu-noNNT;0;1;;PB650-gloU-noNNT;SSP2-NPi2025;;SSP2-NPi2025;9;750;;0;0;;;;;;;;;;;;rcp20;globallyOptimal;;;;functionalForm;;100;2055;;;;;;;;;;;;;2050.GLO 0.9;NDC;;2030.EUR_regi.tax.t.FE_wo_b_wo_n_e.all 1.2809;;;;;;;;;;;;;2;;;;;;;Elec_Push;Mix4ICEban;1;2030;SSP2-PkBudg650: This climate policy scenario follows the Shared Socioeconomic Pathways 2 called Middle of the Road. The stylized climate policy scenario assumes a peak budget of 650 Gt CO2 on total CO2 emissions from 2015 to 2100. This is a 1.5C scenario, peak warming is allowed to be at or slightly above 1.5C at median climate sensitivity but returns to values below 1.5C in at least 67 % of scenarios by the end of the century.
PB1000-def;0;1;;;SSP2-NPi2025;;SSP2-NPi2025;9;1000;;;;;;;;;;;;;;;rcp26;globallyOptimal;;;;functionalForm;;75;2080;;;;;;;;;;;;;2050.GLO 0.5;NDC;;2030.EUR_regi.tax.t.FE_wo_b_wo_n_e.all 1.2809;;;;;;;;;;;;;2;;;;;;;;Mix3ICEban;1;2030;SSP2-PkBudg1050: This climate policy scenario follows the Shared Socioeconomic Pathways 2 called Middle of the Road. The stylized climate policy scenario assumes a peak budget of 1150 Gt CO2 on total CO2 emissions from 2015 to 2100. This is a well below 2C scenario at median climate sensitivity but returns to values below 2C in at least 67 % of scenarios during the whole century.
PB1000-def-noNNT;0;1;;;SSP2-NPi2025;;SSP2-NPi2025;9;1000;;;0;;;;;;;;;;;;rcp26;globallyOptimal;;;;functionalForm;;75;2080;;;;;;;;;;;;;2050.GLO 0.5;NDC;;2030.EUR_regi.tax.t.FE_wo_b_wo_n_e.all 1.2809;;;;;;;;;;;;;2;;;;;;;;Mix3ICEban;1;2030;SSP2-PkBudg1050: This climate policy scenario follows the Shared Socioeconomic Pathways 2 called Middle of the Road. The stylized climate policy scenario assumes a peak budget of 1150 Gt CO2 on total CO2 emissions from 2015 to 2100. This is a well below 2C scenario at median climate sensitivity but returns to values below 2C in at least 67 % of scenarios during the whole century.
PB1000-gloU;0;1;;;SSP2-NPi2025;;SSP2-NPi2025;9;1000;;0;;;;;;;;;;;;;rcp26;globallyOptimal;;;;functionalForm;;75;2080;;;;;;;;;;;;;2050.GLO 0.5;NDC;;2030.EUR_regi.tax.t.FE_wo_b_wo_n_e.all 1.2809;;;;;;;;;;;;;2;;;;;;;;Mix3ICEban;1;2030;SSP2-PkBudg1050: This climate policy scenario follows the Shared Socioeconomic Pathways 2 called Middle of the Road. The stylized climate policy scenario assumes a peak budget of 1150 Gt CO2 on total CO2 emissions from 2015 to 2100. This is a well below 2C scenario at median climate sensitivity but returns to values below 2C in at least 67 % of scenarios during the whole century.
PB1000-gloU-noNNT;0;1;;;SSP2-NPi2025;;SSP2-NPi2025;9;1000;;0;0;;;;;;;;;;;;rcp26;globallyOptimal;;;;functionalForm;;75;2080;;;;;;;;;;;;;2050.GLO 0.5;NDC;;2030.EUR_regi.tax.t.FE_wo_b_wo_n_e.all 1.2809;;;;;;;;;;;;;2;;;;;;;;Mix3ICEban;1;2030;SSP2-PkBudg1050: This climate policy scenario follows the Shared Socioeconomic Pathways 2 called Middle of the Road. The stylized climate policy scenario assumes a peak budget of 1150 Gt CO2 on total CO2 emissions from 2015 to 2100. This is a well below 2C scenario at median climate sensitivity but returns to values below 2C in at least 67 % of scenarios during the whole century.
SSP2-EcBudg400;0;;;;SSP2-NPi2025;;SSP2-NPi2025;5;400;;2;0;;;;;;;;;;;;rcp26;globallyOptimal;;;5;functionalForm;exponential;70;;;;;;;;1;1;5000;;;;2060.GLO 0.9;;;;;;;;;;;;;;;;2;;;200;;;;;Mix3ICEban;1;2035;SSP2-EcBudg400: This climate policy scenario follows the Shared Socioeconomic Pathways 2 called Middle of the Road. The stylized climate policy scenario assumes an end-of-century budget of 400 Gt CO2 on total CO2 emissions from 2020 to 2100. This is a high overshoot scenario with delayed climate policy.
#### PB650 - EOC300 ----------------------------;;;;;;;;;;;;;;;;;;;;;;;;;;;;;;;;;;;;;;;;;;;;;;;;;;;;;;;;;;;;;;;;;;;;;;;;
PB650-EOC300-gloU;0;5;;;SSP2-NPi2025;;SSP2-NPi2025;10;650;300;0;0;;;;1;;;;;;;;rcp20;globallyOptimal;;;;functionalForm;;100;2055;;;;;;;;;;;;;2050.GLO 0.9;NDC;;2030.EUR_regi.tax.t.FE_wo_b_wo_n_e.all 1.2809;;;;;;;;;;;;;2;;;;;;;Elec_Push;Mix4ICEban;1;2030;SSP2-PkBudg650: This climate policy scenario follows the Shared Socioeconomic Pathways 2 called Middle of the Road. The stylized climate policy scenario assumes a peak budget of 650 Gt CO2 on total CO2 emissions from 2015 to 2100. This is a 1.5C scenario, peak warming is allowed to be at or slightly above 1.5C at median climate sensitivity but returns to values below 1.5C in at least 67 % of scenarios by the end of the century.
PB650-EOC300-rg;0;5;;PB650-EOC300-gloU;SSP2-NPi2025;;SSP2-NPi2025;10;650;300;1;0;;;;1;;;;;;;;rcp20;globallyOptimal;;;;functionalForm;;100;2055;;;;;;;;;;;;;2050.GLO 0.9;NDC;;2030.EUR_regi.tax.t.FE_wo_b_wo_n_e.all 1.2809;;;;;;;;;;;;;2;;;;;;;Elec_Push;Mix4ICEban;1;2030;SSP2-PkBudg650: This climate policy scenario follows the Shared Socioeconomic Pathways 2 called Middle of the Road. The stylized climate policy scenario assumes a peak budget of 650 Gt CO2 on total CO2 emissions from 2015 to 2100. This is a 1.5C scenario, peak warming is allowed to be at or slightly above 1.5C at median climate sensitivity but returns to values below 1.5C in at least 67 % of scenarios by the end of the century.
PB650-EOC300-consCP-gloU-st350;0;5;;;SSP2-NPi2025;;SSP2-NPi2025;11;650;300;0;0;;350;;1;;1;1;1;;;;rcp20;globallyOptimal;;;;functionalForm;;100;2055;;;;;;;;;;;;;2050.GLO 0.9;NDC;;2030.EUR_regi.tax.t.FE_wo_b_wo_n_e.all 1.2809;;;;;;;;;;;;;2;;;;;;;Elec_Push;Mix4ICEban;1;2030;SSP2-PkBudg650: This climate policy scenario follows the Shared Socioeconomic Pathways 2 called Middle of the Road. The stylized climate policy scenario assumes a peak budget of 650 Gt CO2 on total CO2 emissions from 2015 to 2100. This is a 1.5C scenario, peak warming is allowed to be at or slightly above 1.5C at median climate sensitivity but returns to values below 1.5C in at least 67 % of scenarios by the end of the century.
PB650-EOC300-linCP-allCDR-gloU-start350;0;5;;;SSP2-NPi2025;;SSP2-NPi2025;11;650;300;0;0;;350;100;1;;2;1;1;;;;rcp20;globallyOptimal;;;;functionalForm;;100;2055;;;;;;;;;;;;;2050.GLO 0.9;NDC;;2030.EUR_regi.tax.t.FE_wo_b_wo_n_e.all 1.2809;;;;;;;;;;;;;2;;;;;;;Elec_Push;Mix4ICEban;1;2030;SSP2-PkBudg650: This climate policy scenario follows the Shared Socioeconomic Pathways 2 called Middle of the Road. The stylized climate policy scenario assumes a peak budget of 650 Gt CO2 on total CO2 emissions from 2015 to 2100. This is a 1.5C scenario, peak warming is allowed to be at or slightly above 1.5C at median climate sensitivity but returns to values below 1.5C in at least 67 % of scenarios by the end of the century.
PB650-EOC300-linCP0-allCDR-gloU-start350;0;5;;;SSP2-NPi2025;;SSP2-NPi2025;11;650;300;0;0;;400;10;1;;4;1;1;;;;rcp20;globallyOptimal;;;;functionalForm;;100;2055;;;;;;;;;;;;;2050.GLO 0.9;NDC;;2030.EUR_regi.tax.t.FE_wo_b_wo_n_e.all 1.2809;;;;;;;;;;;;;2;;;;;;;Elec_Push;Mix4ICEban;1;2030;SSP2-PkBudg650: This climate policy scenario follows the Shared Socioeconomic Pathways 2 called Middle of the Road. The stylized climate policy scenario assumes a peak budget of 650 Gt CO2 on total CO2 emissions from 2015 to 2100. This is a 1.5C scenario, peak warming is allowed to be at or slightly above 1.5C at median climate sensitivity but returns to values below 1.5C in at least 67 % of scenarios by the end of the century.
PB650-EOC300-incCP-allCDR-gloU-start350;0;1;;;SSP2-NPi2025;;SSP2-NPi2025;11;650;300;0;0;;350;;1;;3;1;1;;;;rcp20;globallyOptimal;;;;functionalForm;;100;2055;;;;;;;;;;;;;2050.GLO 0.9;NDC;;2030.EUR_regi.tax.t.FE_wo_b_wo_n_e.all 1.2809;;;;;;;;;;;;;2;;;;;;;Elec_Push;Mix4ICEban;1;2030;SSP2-PkBudg650: This climate policy scenario follows the Shared Socioeconomic Pathways 2 called Middle of the Road. The stylized climate policy scenario assumes a peak budget of 650 Gt CO2 on total CO2 emissions from 2015 to 2100. This is a 1.5C scenario, peak warming is allowed to be at or slightly above 1.5C at median climate sensitivity but returns to values below 1.5C in at least 67 % of scenarios by the end of the century.
PB650-EOC300-rg-incCS-st550;0;1;;;SSP2-NPi2025;;SSP2-NPi2025;11;650;300;1;0;;550;;1;;3;1;1;;;;rcp20;globallyOptimal;;;;functionalForm;;100;2055;;;;;;;;;;;;;2050.GLO 0.9;NDC;;2030.EUR_regi.tax.t.FE_wo_b_wo_n_e.all 1.2809;;;;;;;;;;;;;2;;;;;;;Elec_Push;Mix4ICEban;1;2030;SSP2-PkBudg650: This climate policy scenario follows the Shared Socioeconomic Pathways 2 called Middle of the Road. The stylized climate policy scenario assumes a peak budget of 650 Gt CO2 on total CO2 emissions from 2015 to 2100. This is a 1.5C scenario, peak warming is allowed to be at or slightly above 1.5C at median climate sensitivity but returns to values below 1.5C in at least 67 % of scenarios by the end of the century.
PB650-EOC300-rg-incCS-st350;0;1;;;SSP2-NPi2025;;SSP2-NPi2025;11;650;300;1;0;;350;;1;;3;1;1;;;;rcp20;globallyOptimal;;;;functionalForm;;100;2055;;;;;;;;;;;;;2050.GLO 0.9;NDC;;2030.EUR_regi.tax.t.FE_wo_b_wo_n_e.all 1.2809;;;;;;;;;;;;;2;;;;;;;Elec_Push;Mix4ICEban;1;2030;SSP2-PkBudg650: This climate policy scenario follows the Shared Socioeconomic Pathways 2 called Middle of the Road. The stylized climate policy scenario assumes a peak budget of 650 Gt CO2 on total CO2 emissions from 2015 to 2100. This is a 1.5C scenario, peak warming is allowed to be at or slightly above 1.5C at median climate sensitivity but returns to values below 1.5C in at least 67 % of scenarios by the end of the century.
PB650-EOC300-incCP-allCDR-gloU-start500;0;;;;SSP2-NPi2025;;SSP2-NPi2025;11;650;300;0;0;;500;;1;;3;1;1;;;;rcp20;globallyOptimal;;;;functionalForm;;100;2055;;;;;;;;;;;;;2050.GLO 0.9;NDC;;2030.EUR_regi.tax.t.FE_wo_b_wo_n_e.all 1.2809;;;;;;;;;;;;;2;;;;;;;Elec_Push;Mix4ICEban;1;2030;SSP2-PkBudg650: This climate policy scenario follows the Shared Socioeconomic Pathways 2 called Middle of the Road. The stylized climate policy scenario assumes a peak budget of 650 Gt CO2 on total CO2 emissions from 2015 to 2100. This is a 1.5C scenario, peak warming is allowed to be at or slightly above 1.5C at median climate sensitivity but returns to values below 1.5C in at least 67 % of scenarios by the end of the century.
PB650-EOC300-consNNE-gloU;0;5;;;SSP2-NPi2025;;SSP2-NPi2025;9;650;300;0;0.5;;;;;2;;1;1;;;;rcp20;globallyOptimal;;;;functionalForm;;100;2055;;;;;;;;;;;;;2050.GLO 0.9;NDC;;2030.EUR_regi.tax.t.FE_wo_b_wo_n_e.all 1.2809;;;;;;;;;;;;;2;;;;;;;Elec_Push;Mix4ICEban;1;2030;SSP2-PkBudg650: This climate policy scenario follows the Shared Socioeconomic Pathways 2 called Middle of the Road. The stylized climate policy scenario assumes a peak budget of 650 Gt CO2 on total CO2 emissions from 2015 to 2100. This is a 1.5C scenario, peak warming is allowed to be at or slightly above 1.5C at median climate sensitivity but returns to values below 1.5C in at least 67 % of scenarios by the end of the century.
PB650-EOC300-consNNE-regiDiff;0;5;;;SSP2-NPi2025;;SSP2-NPi2025;9;650;300;1;0.5;;;;;2;;1;1;;;;rcp20;globallyOptimal;;;;functionalForm;;100;2055;;;;;;;;;;;;;2050.GLO 0.9;NDC;;2030.EUR_regi.tax.t.FE_wo_b_wo_n_e.all 1.2809;;;;;;;;;;;;;2;;;;;;;Elec_Push;Mix4ICEban;1;2030;SSP2-PkBudg650: This climate policy scenario follows the Shared Socioeconomic Pathways 2 called Middle of the Road. The stylized climate policy scenario assumes a peak budget of 650 Gt CO2 on total CO2 emissions from 2015 to 2100. This is a 1.5C scenario, peak warming is allowed to be at or slightly above 1.5C at median climate sensitivity but returns to values below 1.5C in at least 67 % of scenarios by the end of the century.
PB650-EOC300-consNNE-gloU-acrIt;0;5;;;SSP2-NPi2025;;SSP2-NPi2025;9;650;300;0;0.4;1;;;;2;;1;1;;;;rcp20;globallyOptimal;;;;functionalForm;;100;2055;;;;;;;;;;;;;2050.GLO 0.9;NDC;;2030.EUR_regi.tax.t.FE_wo_b_wo_n_e.all 1.2809;;;;;;;;;;;;;2;;;;;;;Elec_Push;Mix4ICEban;1;2030;SSP2-PkBudg650: This climate policy scenario follows the Shared Socioeconomic Pathways 2 called Middle of the Road. The stylized climate policy scenario assumes a peak budget of 650 Gt CO2 on total CO2 emissions from 2015 to 2100. This is a 1.5C scenario, peak warming is allowed to be at or slightly above 1.5C at median climate sensitivity but returns to values below 1.5C in at least 67 % of scenarios by the end of the century.
PB650-EOC300-consNNE-regiDiff-acrIt;0;5;;;SSP2-NPi2025;;SSP2-NPi2025;9;650;300;1;0.6;1;;;;2;;1;1;;;;rcp20;globallyOptimal;;;;functionalForm;;100;2055;;;;;;;;;;;;;2050.GLO 0.9;NDC;;2030.EUR_regi.tax.t.FE_wo_b_wo_n_e.all 1.2809;;;;;;;;;;;;;2;;;;;;;Elec_Push;Mix4ICEban;1;2030;SSP2-PkBudg650: This climate policy scenario follows the Shared Socioeconomic Pathways 2 called Middle of the Road. The stylized climate policy scenario assumes a peak budget of 650 Gt CO2 on total CO2 emissions from 2015 to 2100. This is a 1.5C scenario, peak warming is allowed to be at or slightly above 1.5C at median climate sensitivity but returns to values below 1.5C in at least 67 % of scenarios by the end of the century.
PB650-EOC300-ShiftCarbonPrice-regiDiff-noNNT;0;5;;;SSP2-NPi2025;;SSP2-NPi2025;9;650;300;1;0;;;;;1;;1;1;;;;rcp20;globallyOptimal;;;;functionalForm;;100;2055;;;;;;;;;;;;;2050.GLO 0.9;NDC;;2030.EUR_regi.tax.t.FE_wo_b_wo_n_e.all 1.2809;;;;;;;;;;;;;2;;;;;;;Elec_Push;Mix4ICEban;1;2030;SSP2-PkBudg650: This climate policy scenario follows the Shared Socioeconomic Pathways 2 called Middle of the Road. The stylized climate policy scenario assumes a peak budget of 650 Gt CO2 on total CO2 emissions from 2015 to 2100. This is a 1.5C scenario, peak warming is allowed to be at or slightly above 1.5C at median climate sensitivity but returns to values below 1.5C in at least 67 % of scenarios by the end of the century.
PB650-EOC300-ShiftCarbonPrice-gloU-noNNT;0;5;;PB650-EOC300-gloU;SSP2-NPi2025;;SSP2-NPi2025;9;650;300;0;0;;;;;1;;1;1;;;;rcp20;globallyOptimal;;;;functionalForm;;100;2055;;;;;;;;;;;;;2050.GLO 0.9;NDC;;2030.EUR_regi.tax.t.FE_wo_b_wo_n_e.all 1.2809;;;;;;;;;;;;;2;;;;;;;Elec_Push;Mix4ICEban;1;2030;SSP2-PkBudg650: This climate policy scenario follows the Shared Socioeconomic Pathways 2 called Middle of the Road. The stylized climate policy scenario assumes a peak budget of 650 Gt CO2 on total CO2 emissions from 2015 to 2100. This is a 1.5C scenario, peak warming is allowed to be at or slightly above 1.5C at median climate sensitivity but returns to values below 1.5C in at least 67 % of scenarios by the end of the century.
PB650-EOC400-gloU;0;5;;PB650-EOC300-gloU;SSP2-NPi2025;;SSP2-NPi2025;10;650;400;0;0;;;;1;;;;;;;;rcp20;globallyOptimal;;;;functionalForm;;100;2055;;;;;;;;;;;;;2050.GLO 0.9;NDC;;2030.EUR_regi.tax.t.FE_wo_b_wo_n_e.all 1.2809;;;;;;;;;;;;;2;;;;;;;Elec_Push;Mix4ICEban;1;2030;SSP2-PkBudg650: This climate policy scenario follows the Shared Socioeconomic Pathways 2 called Middle of the Road. The stylized climate policy scenario assumes a peak budget of 650 Gt CO2 on total CO2 emissions from 2015 to 2100. This is a 1.5C scenario, peak warming is allowed to be at or slightly above 1.5C at median climate sensitivity but returns to values below 1.5C in at least 67 % of scenarios by the end of the century.
PB650-EOC400-rg;1;5;;PB650-EOC300-rg;SSP2-NPi2025;;SSP2-NPi2025;10;650;400;1;0;;;;1;;;;;;;;rcp20;globallyOptimal;;;;functionalForm;;100;2055;;;;;;;;;;;;;2050.GLO 0.9;NDC;;2030.EUR_regi.tax.t.FE_wo_b_wo_n_e.all 1.2809;;;;;;;;;;;;;2;;;;;;;Elec_Push;Mix4ICEban;1;2030;SSP2-PkBudg650: This climate policy scenario follows the Shared Socioeconomic Pathways 2 called Middle of the Road. The stylized climate policy scenario assumes a peak budget of 650 Gt CO2 on total CO2 emissions from 2015 to 2100. This is a 1.5C scenario, peak warming is allowed to be at or slightly above 1.5C at median climate sensitivity but returns to values below 1.5C in at least 67 % of scenarios by the end of the century.
PB650-EOC400-incCP-st200;1;5;;PB650-EOC300-incCP-allCDR-gloU-start350;SSP2-NPi2025;;SSP2-NPi2025;11;650;400;0;0;;200;;1;;3;1;1;;;;rcp20;globallyOptimal;;;;functionalForm;;100;2055;;;;;;;;;;;;;2050.GLO 0.9;NDC;;2030.EUR_regi.tax.t.FE_wo_b_wo_n_e.all 1.2809;;;;;;;;;;;;;2;;;;;;;Elec_Push;Mix4ICEban;1;2030;SSP2-PkBudg650: This climate policy scenario follows the Shared Socioeconomic Pathways 2 called Middle of the Road. The stylized climate policy scenario assumes a peak budget of 650 Gt CO2 on total CO2 emissions from 2015 to 2100. This is a 1.5C scenario, peak warming is allowed to be at or slightly above 1.5C at median climate sensitivity but returns to values below 1.5C in at least 67 % of scenarios by the end of the century.
PB650-EOC400-rg-incCP-st200;1;5;;PB650-EOC300-rg-incCS-st350;SSP2-NPi2025;;SSP2-NPi2025;11;650;400;1;0;;200;;1;;3;1;1;;;;rcp20;globallyOptimal;;;;functionalForm;;100;2055;;;;;;;;;;;;;2050.GLO 0.9;NDC;;2030.EUR_regi.tax.t.FE_wo_b_wo_n_e.all 1.2809;;;;;;;;;;;;;2;;;;;;;Elec_Push;Mix4ICEban;1;2030;SSP2-PkBudg650: This climate policy scenario follows the Shared Socioeconomic Pathways 2 called Middle of the Road. The stylized climate policy scenario assumes a peak budget of 650 Gt CO2 on total CO2 emissions from 2015 to 2100. This is a 1.5C scenario, peak warming is allowed to be at or slightly above 1.5C at median climate sensitivity but returns to values below 1.5C in at least 67 % of scenarios by the end of the century.
######### PB750-EOC500 ----------------------------;;;;;;;;;;;;;;;;;;;;;;;;;;;;;;;;;;;;;;;;;;;;;;;;;;;;;;;;;;;;;;;;;;;;;;;;
PB750-EC650-gu;0;5;;;SSP2-NPi2025;;SSP2-NPi2025;10;750;650;0;0;;;;1;;;;;;;;rcp20;globallyOptimal;;;;functionalForm;;100;2055;;;;;;;;;;;;;2050.GLO 0.9;NDC;;2030.EUR_regi.tax.t.FE_wo_b_wo_n_e.all 1.2809;;;;;;;;;;;;;2;;;;;;;Elec_Push;Mix4ICEban;1;2030;SSP2-PkBudg650: This climate policy scenario follows the Shared Socioeconomic Pathways 2 called Middle of the Road. The stylized climate policy scenario assumes a peak budget of 650 Gt CO2 on total CO2 emissions from 2015 to 2100. This is a 1.5C scenario, peak warming is allowed to be at or slightly above 1.5C at median climate sensitivity but returns to values below 1.5C in at least 67 % of scenarios by the end of the century.
PB750-EC500-gu;0;5;;;SSP2-NPi2025;;SSP2-NPi2025;10;750;500;0;0;;;;1;;;;;;;;rcp20;globallyOptimal;;;;functionalForm;;100;2055;;;;;;;;;;;;;2050.GLO 0.9;NDC;;2030.EUR_regi.tax.t.FE_wo_b_wo_n_e.all 1.2809;;;;;;;;;;;;;2;;;;;;;Elec_Push;Mix4ICEban;1;2030;SSP2-PkBudg650: This climate policy scenario follows the Shared Socioeconomic Pathways 2 called Middle of the Road. The stylized climate policy scenario assumes a peak budget of 650 Gt CO2 on total CO2 emissions from 2015 to 2100. This is a 1.5C scenario, peak warming is allowed to be at or slightly above 1.5C at median climate sensitivity but returns to values below 1.5C in at least 67 % of scenarios by the end of the century.
PB750-EC500-rg;0;5;;;SSP2-NPi2025;;SSP2-NPi2025;10;750;500;1;0;;;;1;;;;;;;;rcp20;globallyOptimal;;;;functionalForm;;100;2055;;;;;;;;;;;;;2050.GLO 0.9;NDC;;2030.EUR_regi.tax.t.FE_wo_b_wo_n_e.all 1.2809;;;;;;;;;;;;;2;;;;;;;Elec_Push;Mix4ICEban;1;2030;SSP2-PkBudg650: This climate policy scenario follows the Shared Socioeconomic Pathways 2 called Middle of the Road. The stylized climate policy scenario assumes a peak budget of 650 Gt CO2 on total CO2 emissions from 2015 to 2100. This is a 1.5C scenario, peak warming is allowed to be at or slightly above 1.5C at median climate sensitivity but returns to values below 1.5C in at least 67 % of scenarios by the end of the century.
PB750-EC650-gu-incCP-st350;0;5;;;SSP2-NPi2025;;SSP2-NPi2025;11;750;650;0;0;;350;;1;;3;1;1;;;;rcp20;globallyOptimal;;;;functionalForm;;100;2055;;;;;;;;;;;;;2050.GLO 0.9;NDC;;2030.EUR_regi.tax.t.FE_wo_b_wo_n_e.all 1.2809;;;;;;;;;;;;;2;;;;;;;Elec_Push;Mix4ICEban;1;2030;SSP2-PkBudg650: This climate policy scenario follows the Shared Socioeconomic Pathways 2 called Middle of the Road. The stylized climate policy scenario assumes a peak budget of 650 Gt CO2 on total CO2 emissions from 2015 to 2100. This is a 1.5C scenario, peak warming is allowed to be at or slightly above 1.5C at median climate sensitivity but returns to values below 1.5C in at least 67 % of scenarios by the end of the century.
PB750-EC500-gu-incCP-st350;0;5;;;SSP2-NPi2025;;SSP2-NPi2025;11;750;500;0;0;;350;;1;;3;1;1;;;;rcp20;globallyOptimal;;;;functionalForm;;100;2055;;;;;;;;;;;;;2050.GLO 0.9;NDC;;2030.EUR_regi.tax.t.FE_wo_b_wo_n_e.all 1.2809;;;;;;;;;;;;;2;;;;;;;Elec_Push;Mix4ICEban;1;2030;SSP2-PkBudg650: This climate policy scenario follows the Shared Socioeconomic Pathways 2 called Middle of the Road. The stylized climate policy scenario assumes a peak budget of 650 Gt CO2 on total CO2 emissions from 2015 to 2100. This is a 1.5C scenario, peak warming is allowed to be at or slightly above 1.5C at median climate sensitivity but returns to values below 1.5C in at least 67 % of scenarios by the end of the century.
PB750-EC500-rg-incCP-st350;0;5;;;SSP2-NPi2025;;SSP2-NPi2025;11;750;500;1;0;;350;;1;;3;1;1;;;;rcp20;globallyOptimal;;;;functionalForm;;100;2055;;;;;;;;;;;;;2050.GLO 0.9;NDC;;2030.EUR_regi.tax.t.FE_wo_b_wo_n_e.all 1.2809;;;;;;;;;;;;;2;;;;;;;Elec_Push;Mix4ICEban;1;2030;SSP2-PkBudg650: This climate policy scenario follows the Shared Socioeconomic Pathways 2 called Middle of the Road. The stylized climate policy scenario assumes a peak budget of 650 Gt CO2 on total CO2 emissions from 2015 to 2100. This is a 1.5C scenario, peak warming is allowed to be at or slightly above 1.5C at median climate sensitivity but returns to values below 1.5C in at least 67 % of scenarios by the end of the century.
PB750-EC500-linCP-gloU-start350;0;5;;;SSP2-NPi2025;;SSP2-NPi2025;11;800;500;0;0;;350;100;1;;2;1;1;;;;rcp20;globallyOptimal;;;;functionalForm;;100;2055;;;;;;;;;;;;;2050.GLO 0.9;NDC;;2030.EUR_regi.tax.t.FE_wo_b_wo_n_e.all 1.2809;;;;;;;;;;;;;2;;;;;;;Elec_Push;Mix4ICEban;1;2030;SSP2-PkBudg650: This climate policy scenario follows the Shared Socioeconomic Pathways 2 called Middle of the Road. The stylized climate policy scenario assumes a peak budget of 650 Gt CO2 on total CO2 emissions from 2015 to 2100. This is a 1.5C scenario, peak warming is allowed to be at or slightly above 1.5C at median climate sensitivity but returns to values below 1.5C in at least 67 % of scenarios by the end of the century.
PB750-EC500-linCP-gloU-start250;0;5;;;SSP2-NPi2025;;SSP2-NPi2025;11;800;500;0;0;;250;100;1;;2;1;1;;;;rcp20;globallyOptimal;;;;functionalForm;;100;2055;;;;;;;;;;;;;2050.GLO 0.9;NDC;;2030.EUR_regi.tax.t.FE_wo_b_wo_n_e.all 1.2809;;;;;;;;;;;;;2;;;;;;;Elec_Push;Mix4ICEban;1;2030;SSP2-PkBudg650: This climate policy scenario follows the Shared Socioeconomic Pathways 2 called Middle of the Road. The stylized climate policy scenario assumes a peak budget of 650 Gt CO2 on total CO2 emissions from 2015 to 2100. This is a 1.5C scenario, peak warming is allowed to be at or slightly above 1.5C at median climate sensitivity but returns to values below 1.5C in at least 67 % of scenarios by the end of the century.
PB750-EC500-consNNE-gloU;0;5;;;SSP2-NPi2025;;SSP2-NPi2025;9;800;500;0;0.5;;;;;2;;1;1;;;;rcp20;globallyOptimal;;;;functionalForm;;100;2055;;;;;;;;;;;;;2050.GLO 0.9;NDC;;2030.EUR_regi.tax.t.FE_wo_b_wo_n_e.all 1.2809;;;;;;;;;;;;;2;;;;;;;Elec_Push;Mix4ICEban;1;2030;SSP2-PkBudg650: This climate policy scenario follows the Shared Socioeconomic Pathways 2 called Middle of the Road. The stylized climate policy scenario assumes a peak budget of 650 Gt CO2 on total CO2 emissions from 2015 to 2100. This is a 1.5C scenario, peak warming is allowed to be at or slightly above 1.5C at median climate sensitivity but returns to values below 1.5C in at least 67 % of scenarios by the end of the century.
PB750-EC500-consNNE-gloU-acrIt;0;1;;;SSP2-NPi2025;;SSP2-NPi2025;9;800;500;0;0.4;1;;;;2;;1;1;;;;rcp20;globallyOptimal;;;;functionalForm;;100;2055;;;;;;;;;;;;;2050.GLO 0.9;NDC;;2030.EUR_regi.tax.t.FE_wo_b_wo_n_e.all 1.2809;;;;;;;;;;;;;2;;;;;;;Elec_Push;Mix4ICEban;1;2030;SSP2-PkBudg650: This climate policy scenario follows the Shared Socioeconomic Pathways 2 called Middle of the Road. The stylized climate policy scenario assumes a peak budget of 650 Gt CO2 on total CO2 emissions from 2015 to 2100. This is a 1.5C scenario, peak warming is allowed to be at or slightly above 1.5C at median climate sensitivity but returns to values below 1.5C in at least 67 % of scenarios by the end of the century.
PB750-EC500-ShiftCarbonPrice-gloU-noNNT;0;1;;;SSP2-NPi2025;;SSP2-NPi2025;9;800;500;0;0;;;;;1;;1;1;;;;rcp20;globallyOptimal;;;;functionalForm;;100;2055;;;;;;;;;;;;;2050.GLO 0.9;NDC;;2030.EUR_regi.tax.t.FE_wo_b_wo_n_e.all 1.2809;;;;;;;;;;;;;2;;;;;;;Elec_Push;Mix4ICEban;1;2030;SSP2-PkBudg650: This climate policy scenario follows the Shared Socioeconomic Pathways 2 called Middle of the Road. The stylized climate policy scenario assumes a peak budget of 650 Gt CO2 on total CO2 emissions from 2015 to 2100. This is a 1.5C scenario, peak warming is allowed to be at or slightly above 1.5C at median climate sensitivity but returns to values below 1.5C in at least 67 % of scenarios by the end of the century.
PB750-EC430-gu;0;5;;PB750-EC500-gu;SSP2-NPi2025;;SSP2-NPi2025;10;750;430;0;0;;;;1;;;;;;;;rcp20;globallyOptimal;;;;functionalForm;;100;2055;;;;;;;;;;;;;2050.GLO 0.9;NDC;;2030.EUR_regi.tax.t.FE_wo_b_wo_n_e.all 1.2809;;;;;;;;;;;;;2;;;;;;;Elec_Push;Mix4ICEban;1;2030;SSP2-PkBudg650: This climate policy scenario follows the Shared Socioeconomic Pathways 2 called Middle of the Road. The stylized climate policy scenario assumes a peak budget of 650 Gt CO2 on total CO2 emissions from 2015 to 2100. This is a 1.5C scenario, peak warming is allowed to be at or slightly above 1.5C at median climate sensitivity but returns to values below 1.5C in at least 67 % of scenarios by the end of the century.
PB750-EC430-rg;0;5;;PB750-EC500-rg;SSP2-NPi2025;;SSP2-NPi2025;10;750;430;1;0;;;;1;;;;;;;;rcp20;globallyOptimal;;;;functionalForm;;100;2055;;;;;;;;;;;;;2050.GLO 0.9;NDC;;2030.EUR_regi.tax.t.FE_wo_b_wo_n_e.all 1.2809;;;;;;;;;;;;;2;;;;;;;Elec_Push;Mix4ICEban;1;2030;SSP2-PkBudg650: This climate policy scenario follows the Shared Socioeconomic Pathways 2 called Middle of the Road. The stylized climate policy scenario assumes a peak budget of 650 Gt CO2 on total CO2 emissions from 2015 to 2100. This is a 1.5C scenario, peak warming is allowed to be at or slightly above 1.5C at median climate sensitivity but returns to values below 1.5C in at least 67 % of scenarios by the end of the century.
