title;start;path_gdx;path_gdx_ref;path_gdx_bau;path_gdx_refpolicycost;carbonprice;cm_budgetCO2from2020;cm_startyear;cm_budgetCO2from2020RegiShare;cm_regionalBudgetTolerance_Rel;cm_regionalBudgetTolerance_Abs;cm_iterBoundMax;CES_parameters;slurmConfig;regionmapping;extramappings_historic;cm_rcp_scen;subsidizeLearning;cm_prtpScen;capitalMarket;cm_iterative_target_adj;cm_budgetCO2_absDevTol;cm_taxCO2_functionalForm;cm_taxCO2_startyear;cm_peakBudgYr;cm_taxCO2_regiDiff;cm_taxCO2_regiDiff_convergence;cm_emiscen;c_regi_earlyreti_rate;c_tech_earlyreti_rate;cm_fetaxscen;cm_bioenergy_SustTax;cm_33EW;cm_33OAE;cm_33_OAE_limit_EEZ;cm_frac_NetNegEmi;c_ccsinjecratescen;c_ccscapratescen;cm_CESMkup_build;cm_wasteIncinerationCCSshare;techpol;regipol;cm_implicitQttyTarget;cm_emiMktTarget;cm_NucRegiPol;cm_CoalRegiPol;cm_altFeEmiFac;cm_GDPpopScen;cm_demScen;cm_oil_scen;cm_gas_scen;cm_coal_scen;c_techAssumptScen;cm_nucscen;cm_so2tax_scen;cm_multigasscen;cm_LU_emi_scen;cm_tradecostBio;cm_maxProdBiolc;cm_1stgen_phaseout;c_SSP_forcing_adjust;cm_APssp;cm_CESMkup_ind;cm_EDGEtr_scen;c_changeProdCost;description
# H12 SSP2;;;;;;;;;;;;;;;;;;;;;;;;;;;;;;;;;;;;;;;;;;;;;;;;;;;;;;;;;;;;;;;;;;
SSP2-NPi-calibrate;;;;;;NPi;;2005;;;;;calibrate;14;;;;;;;;;;;;;;;;;;;;;;;;;;;NPi2018;;;;;;;;;;;;;;;;;;;;;;;Mix1;;SSP2-NPi-calibrate: This reference policy/baseline scenario follows the Shared Socioeconomic Pathways 2 called Middle of the Road.
SSP2-NDC;;;SSP2-NPi2025;SSP2-NPi;SSP2-NPi2025;NDC;;2030;;;;;;;;;;globallyOptimal;;;3;;;;;;;;;;;;;;;;;;;;NDC;;2030.EUR_regi.tax.t.FE_wo_b_wo_n_e.all 1.2809;2020.2030.EUR_regi.all.year.netGHG_LULUCFGrassi 2.450;;;;;;;;;;;;;;;;;;;;;1;SSP2-NDC: This Nationally Determined Contribution (NDC) scenario follows the Shared Socioeconomic Pathways 2 called Middle of the Road. It assumes NPi2025 until 2025 and has start year 2030. The NDC includes all pledged policies even if not yet implemented. It assumes that the moderate and heterogeneous climate ambition reflected in the NDCs at the begining of 2021 continues over the 21st century.
SSP2-NDCsy2025;;;SSP2-NPi;SSP2-NPi;SSP2-NPi2025;NDC;;2025;;;;;;;;;;globallyOptimal;;;3;;;;;;;;;;;;;;;;;;;;NDC;;2030.EUR_regi.tax.t.FE_wo_b_wo_n_e.all 1.2809;2020.2030.EUR_regi.all.year.netGHG_LULUCFGrassi 2.450;;;;;;;;;;;;;;;;;;;;;5;SSP2-NDCsy2025: This Nationally Determined Contribution (NDC) scenario follows the Shared Socioeconomic Pathways 2 called Middle of the Road. It assumes NPi until 2020 and has start year 2025.The NDC includes all pledged policies even if not yet implemented. It assumes that the moderate and heterogeneous climate ambition reflected in the NDCs at the begining of 2021 continues over the 21st century.
SSP2-NPi;;;;;;NPi;;2005;;;;;;;;;;;;;0;;;;;;;;;;;;;;;;;;;;NPi2018;;;;;;;;;;;;;;;;;;;;;;;Mix1;;SSP2-NPi: This National Policies Implemented (NPi) scenario follows the Shared Socioeconomic Pathways 2 called Middle of the Road. The NPi assumes that policies fail to achieve NDC targets in 2030. Instead, carbon prices are assumed to grow and converge more slowly, leading to emissions trajectories in line with bottom-up studies on the effect of currently implemented policies.
SSP2-NPi2025;;;;;;;;2005;;;;;;;;;;;;;0;;;;;;;;;;;;;;;;;;;;;;;;;;;;;;;;;;;;;;;;;;;;;SSP2-NPi2025: This National Policies Implemented (NPi) scenario follows the Shared Socioeconomic Pathways 2 called Middle of the Road. The NPi assumes that policies fail to achieve NDC targets in 2030. Instead, carbon prices are assumed to grow and converge more slowly, leading to emissions trajectories in line with bottom-up studies on the effect of currently implemented policies.
SSP2-PkBudg500;;;SSP2-NPi2025;;SSP2-NPi2025;functionalForm;500;2030;;;;;;;;;rcp20;globallyOptimal;;;9;;;200;2045;;;;;;;;;;;;;;;2050.GLO 0.9;NDC;;2030.EUR_regi.tax.t.FE_wo_b_wo_n_e.all 1.2809;;;;;;;;;;;;;2;;;;;;;Elec_Push;Mix4ICEban;1;SSP2-PkBudg500: This climate policy scenario follows the Shared Socioeconomic Pathways 2 called Middle of the Road. The stylized climate policy scenario assumes a peak budget of 500 Gt CO2 on total CO2 emissions from 2015 to 2100. This is a 1.5C scenario, peak warming is allowed to be well below 1.5C at median climate sensitivity but returns to values below 1.5C in at least 67 % of scenarios by the end of the century.
SSP2-PkBudg650;;;SSP2-NPi2025;;SSP2-NPi2025;functionalForm;650;2030;;;;;;;;;rcp20;globallyOptimal;;;9;;;100;2055;;;;;;;;;;;;;;;2050.GLO 0.9;NDC;;2030.EUR_regi.tax.t.FE_wo_b_wo_n_e.all 1.2809;;;;;;;;;;;;;2;;;;;;;Elec_Push;Mix4ICEban;1;SSP2-PkBudg650: This climate policy scenario follows the Shared Socioeconomic Pathways 2 called Middle of the Road. The stylized climate policy scenario assumes a peak budget of 650 Gt CO2 on total CO2 emissions from 2015 to 2100. This is a 1.5C scenario, peak warming is allowed to be at or slightly above 1.5C at median climate sensitivity but returns to values below 1.5C in at least 67 % of scenarios by the end of the century.
SSP2-PkBudg1000;;;SSP2-NPi2025;;SSP2-NPi2025;functionalForm;1000;2030;;;;;;;;;rcp26;globallyOptimal;;;9;;;75;2080;;;;;;;;;;;;;;;2050.GLO 0.5;NDC;;2030.EUR_regi.tax.t.FE_wo_b_wo_n_e.all 1.2809;;;;;;;;;;;;;2;;;;;;;;Mix3ICEban;1;SSP2-PkBudg1050: This climate policy scenario follows the Shared Socioeconomic Pathways 2 called Middle of the Road. The stylized climate policy scenario assumes a peak budget of 1150 Gt CO2 on total CO2 emissions from 2015 to 2100. This is a well below 2C scenario at median climate sensitivity but returns to values below 2C in at least 67 % of scenarios during the whole century.
SSP2-EcBudg400;;;SSP2-NPi2025;;SSP2-NPi2025;functionalForm;400;2035;;;;;;;;;rcp26;globallyOptimal;;;5;5;exponential;70;;2;;;;;;;1;1;5000;0;;;;2060.GLO 0.9;;;;;;;;;;;;;;;;2;;;200;;;;;Mix3ICEban;1;SSP2-EcBudg400: This climate policy scenario follows the Shared Socioeconomic Pathways 2 called Middle of the Road. The stylized climate policy scenario assumes an end-of-century budget of 400 Gt CO2 on total CO2 emissions from 2020 to 2100. This is a high overshoot scenario with delayed climate policy.
SSP2-rollBack;;;SSP2-NPi2025;;SSP2-NPi2025;none;;2030;;;;;;;;;;;;;0;;;;;;;0;;;1;;;;;;;;;;none;;;;;;;;;;;;;;;;;;;;;;;Mix1;1;SSP2-rollBack: This rollback of climate policy scenario follows the Shared Socioeconomic Pathways 3 called Middle of the Road.
# H12 EOC targets;;;;;;;;;;;;;;;;;;;;;;;;;;;;;;;;;;;;;;;;;;;;;;;;;;;;;;;;;;;;;;;;;;
PC-429;1;/p/tmp/rahelma/Committed/Equity/RegionalTargets/output/SSP2-NPi2025_2025-10-01_14.13.00/fulldata.gdx;/p/tmp/rahelma/Committed/Equity/RegionalTargets/output/SSP2-NPi2025_2025-10-01_14.13.00/fulldata.gdx;;/p/tmp/rahelma/Committed/Equity/RegionalTargets/output/SSP2-NPi2025_2025-10-01_14.13.00/fulldata.gdx;none;419;2030;CAZ 0.01, CHA 0.181, EUR 0.064, IND 0.179, JPN 0.017, LAM 0.084, MEA 0.067, NEU 0.014, OAS 0.16, REF 0.038, SSA 0.143, USA 0.043;0;5;10;;;;;rcp26;globallyOptimal;;;;;;;;;;0;;;;;1;1;5000;0;;;;2060.GLO 0.9;NDC;;2030.EUR_regi.tax.t.FE_wo_b_wo_n_e.all 1.2809;;;;;;;;;;;;;2;;;200;;;;Elec_Push;Mix4ICEban;1;SSP2-EcBudg400: This climate policy scenario follows the Shared Socioeconomic Pathways 2 called Middle of the Road. The stylized climate policy scenario assumes an end-of-century budget of 400 Gt CO2 on total CO2 emissions from 2020 to 2100. This is a high overshoot scenario with delayed climate policy.
AP-429;1;/p/tmp/rahelma/Committed/Equity/RegionalTargets/output/SSP2-NPi2025_2025-10-01_14.13.00/fulldata.gdx;/p/tmp/rahelma/Committed/Equity/RegionalTargets/output/SSP2-NPi2025_2025-10-01_14.13.00/fulldata.gdx;;/p/tmp/rahelma/Committed/Equity/RegionalTargets/output/SSP2-NPi2025_2025-10-01_14.13.00/fulldata.gdx;none;416;2030;CAZ 0.012, CHA 0.329, EUR 0.046, IND 0.168, JPN 0.017, LAM 0.058, MEA 0.075, NEU 0.01, OAS 0.113, REF 0.075, SSA 0.053, USA 0.046;0;5;10;;;;;rcp26;globallyOptimal;;;;;;;;;;0;;;;;1;1;5000;0;;;;2060.GLO 0.9;NDC;;2030.EUR_regi.tax.t.FE_wo_b_wo_n_e.all 1.2809;;;;;;;;;;;;;2;;;200;;;;Elec_Push;Mix4ICEban;1;SSP2-EcBudg400: This climate policy scenario follows the Shared Socioeconomic Pathways 2 called Middle of the Road. The stylized climate policy scenario assumes an end-of-century budget of 400 Gt CO2 on total CO2 emissions from 2020 to 2100. This is a high overshoot scenario with delayed climate policy.
ECPC-429;1;/p/tmp/rahelma/Committed/Equity/RegionalTargets/output/SSP2-NPi2025_2025-10-01_14.13.00/fulldata.gdx;/p/tmp/rahelma/Committed/Equity/RegionalTargets/output/SSP2-NPi2025_2025-10-01_14.13.00/fulldata.gdx;;/p/tmp/rahelma/Committed/Equity/RegionalTargets/output/SSP2-NPi2025_2025-10-01_14.13.00/fulldata.gdx;none;429;2030;CAZ -0.045, CHA -0.103, EUR -0.131, IND 0.399, JPN -0.059, LAM 0.124, MEA 0.108, NEU 0.007, OAS 0.376, REF -0.092, SSA 0.707, USA -0.291;0;5;10;;;;;rcp26;globallyOptimal;;;;;;;;;;0;;;;;1;1;5000;0;;;;2060.GLO 0.9;NDC;;2030.EUR_regi.tax.t.FE_wo_b_wo_n_e.all 1.2809;;;;;;;;;;;;;2;;;200;;;;Elec_Push;Mix4ICEban;1;SSP2-EcBudg400: This climate policy scenario follows the Shared Socioeconomic Pathways 2 called Middle of the Road. The stylized climate policy scenario assumes an end-of-century budget of 400 Gt CO2 on total CO2 emissions from 2020 to 2100. This is a high overshoot scenario with delayed climate policy.
